OBJECTID,id_no,species,decimalLatitude,decimalLongitude
6,2188,Astacoides betsileoensis,-20.99023025,47.17326304
5,2187,Astacoides caldwelli,-19.12000908,47.57822655
2,2184,Astacoides crosnieri,-21.61473515,47.3599912
4,2186,Astacoides granulimanus,-21.47988443,47.17326304
172,153654,Astacoides hobbsi,-20.62533472,47.55823647
1,2183,Astacoides madagascarensis,-18.68919873,47.95308845
3,2185,Astacoides petiti,-24.89630171,46.840625
191,153687,Astacopsis franklinii,-42.0340768,147.2624419
7,2190,Astacopsis gouldi,-41.48436528,146.3358178
163,153640,Astacopsis tricornis,-43.24404971,146.630054
8,2191,Astacus astacus,49.31759035,16.48333333
9,2191,Astacus astacus,31.85578092,-5.553338909
10,2430,Austropotamobius pallipes,46.62036716,7.424999999
11,2430,Austropotamobius pallipes,53.53242507,-7.720862956
12,2431,Austropotamobius torrentium,49.79778316,6.159524386
13,2431,Austropotamobius torrentium,44.55123838,17.13541667
462,153972,Barbicambarus cornutus,37.63811736,-86.02264922
518,154024,Bouchardina robisoni,33.33443892,-92.68646825
306,153825,Cambarellus alvarezi,25.56490573,-100.8488134
208,153712,Cambarellus areolatus,25.51846444,-102.1279341
14,3669,Cambarellus blacki,30.77211871,-87.49316805
203,153705,Cambarellus chapalanus,20.12509865,-102.825
148,153621,Cambarellus chihuahuae,30.59290132,-106.6083333
15,3670,Cambarellus diminutus,31.55504158,-88.69950386
16,3671,Cambarellus lesliei,31.69143415,-88.14574613
297,153816,Cambarellus montezumae,20.53948855,-101.3250805
159,153635,Cambarellus ninae,28.64602594,-97.56280057
181,153667,Cambarellus occidentalis,22.99880166,-104.8437034
282,153802,Cambarellus patzcuarensis,19.59041895,-101.6456446
210,153714,Cambarellus prolixus,20.1902771,-103.0519051
420,153931,Cambarellus puer,33.18320705,-92.31678067
322,153836,Cambarellus schmitti,29.98849548,-83.36458333
499,154008,Cambarellus shufeldtii,32.71556929,-83.40867484
500,154008,Cambarellus shufeldtii,33.27531992,-92.28223304
152,153628,Cambarellus texanus,30.0608093,-96.43567408
296,153815,Cambarellus zempoalensis,18.89929252,-99.20182141
166,153643,Cambaroides dauricus,47.85112367,123.7823112
234,153751,Cambaroides japonicus,43.39785307,142.5726396
236,153753,Cambaroides schrenckii,47.20300874,135.0769458
189,153685,Cambaroides similis,38.50898392,126.831234
299,153818,Cambarus acanthura,33.59648753,-85.77995431
32,3688,Cambarus aculabrum,36.02980338,-94.51471558
264,153783,Cambarus acuminatus,36.08354321,-79.12054308
489,153998,Cambarus asperimanus,34.89984148,-83.14063348
231,153748,Cambarus bartonii,45.7841784,-77.72819421
17,3672,Cambarus batchi,37.72927185,-84.07054969
18,3673,Cambarus bouchardi,36.50044958,-84.62346344
237,153754,Cambarus brachydactylus,36.0891353,-87.42236879
352,153867,Cambarus brimleyorum,35.16069451,-83.88922739
354,153869,Cambarus buntingi,36.595194,-83.89563914
457,153967,Cambarus carinirostris,39.46719485,-79.88339044
335,153850,Cambarus carolinus,35.73187785,-82.81875
19,3674,Cambarus catagius,35.49911365,-79.85540006
280,153800,Cambarus causeyi,35.54048631,-93.51458333
133,41250,Cambarus chasmodactylus,37.30847203,-80.7666466
33,3689,Cambarus chaugaensis,35.37121102,-83.22101
421,153932,Cambarus clivosus,36.00674654,-86.23990998
285,153805,Cambarus conasaugaensis,34.60919111,-84.19479167
274,153794,Cambarus coosae,33.38156349,-85.67708333
34,3690,Cambarus coosawattae,34.64488845,-84.7948393
488,153997,Cambarus cracens,34.45223673,-86.44763302
461,153971,Cambarus crinipes,36.96853077,-84.11458333
35,3691,Cambarus cryptodytes,31.03612927,-85.1028738
254,153776,Cambarus cumberlandensis,36.87219542,-85.2966714
255,153776,Cambarus cumberlandensis,35.8242896,-85.63788336
36,3692,Cambarus cymatilis,35.05966513,-84.99696505
495,154004,Cambarus davidi,35.73651336,-78.88993099
23,3679,Cambarus deweesae,36.34990443,-83.85263008
295,153814,Cambarus diogenes,39.93969626,-90.73551016
407,153920,Cambarus distans,35.7039481,-86.10996178
219,153734,Cambarus dubius,37.45692912,-82.02464094
286,153806,Cambarus eeseeohensis,34.92450315,-80.88319677
37,3693,Cambarus elkensis,38.2908111,-80.82545507
345,153860,Cambarus englishi,33.4923952,-85.30376393
20,3676,Cambarus extraneus,35.01731645,-85.03277503
38,3694,Cambarus fasciatus,34.15220569,-84.61666667
406,153919,Cambarus friaufi,36.14845003,-87.00605645
283,153803,Cambarus gentryi,35.92909908,-86.69682888
39,3695,Cambarus georgiae,36.38715511,-84.50708308
400,153913,Cambarus girardianus,34.87401095,-87.08360774
395,153908,Cambarus graysoni,37.45668473,-82.96979167
454,153964,Cambarus halli,32.98064441,-85.63204409
337,153852,Cambarus hamulatus,33.77901241,-87.19464984
40,3696,Cambarus harti,33.02707671,-84.95651499
41,3697,Cambarus hiwasseensis,35.10584673,-84.3343693
463,153973,Cambarus hobbsorum,34.5328317,-79.77231047
42,3698,Cambarus howardi,33.87104337,-84.44184333
401,153914,Cambarus hubbsi,36.54605031,-92.18160053
390,153903,Cambarus hubrichti,37.09770644,-91.49972652
292,153811,Cambarus hystricosus,34.88641661,-78.90667812
339,153854,Cambarus jezerinaci,36.8367911,-83.77056584
396,153909,Cambarus johni,35.70302199,-81.93525834
446,153956,Cambarus jonesi,34.91170143,-87.05158706
526,164914,Cambarus laconensis,34.59971195,-86.88914561
494,154003,Cambarus latimanus,33.08571833,-82.97470831
476,153985,Cambarus lenati,35.17981178,-81.75886426
473,153983,Cambarus longirostris,34.06237486,-82.59886861
474,153983,Cambarus longirostris,35.77016733,-83.68894612
469,153979,Cambarus longulus,36.0177971,-78.56825966
524,154030,Cambarus ludovicianus,34.6774669,-92.69763327
369,153882,Cambarus maculatus,38.04197366,-91.10112816
311,153830,Cambarus manningi,34.28925707,-85.16647068
43,3699,Cambarus miltus,31.30763598,-86.93950451
217,153730,Cambarus monongalensis,38.91621288,-79.76467278
44,3700,Cambarus nerterius,38.14092448,-80.2625
497,154006,Cambarus nodosus,34.47838003,-83.22101
21,3677,Cambarus obeyensis,36.01579542,-85.15908271
391,153904,Cambarus obstipus,33.60723319,-87.19939187
248,153770,Cambarus ortmanni,39.53292995,-84.92406353
45,3701,Cambarus parrishi,35.11262565,-83.36394453
348,153863,Cambarus parvoculus,37.25066956,-82.85700294
122,18212,Cambarus pecki,34.35150239,-87.13361698
415,153926,Cambarus polychromatus,40.1575308,-86.05575036
24,3680,Cambarus pristinus,35.49943558,-85.437936
25,3681,Cambarus pyronotus,30.22044769,-84.94583333
46,3702,Cambarus reburrus,35.0742107,-82.71683861
422,153933,Cambarus reduncus,34.38102275,-79.7456504
388,153901,Cambarus reflexus,33.30281758,-81.25116553
472,153982,Cambarus rusticiformis,37.19907765,-86.84528561
301,153820,Cambarus sciotensis,36.58477564,-81.43694458
47,3703,Cambarus scotti,34.42215856,-85.17876793
486,153995,Cambarus setosus,36.8499403,-93.96175522
48,3704,Cambarus speciosus,34.60912361,-84.44184333
527,164915,Cambarus speleocoopi,34.23790714,-86.6101319
257,153778,Cambarus sphenoides,35.88666621,-84.23268762
49,3705,Cambarus spicatus,34.90684711,-81.72290711
378,153891,Cambarus striatus,33.98467615,-85.71671052
50,3706,Cambarus strigosus,33.93517392,-82.39342228
26,3682,Cambarus subterraneus,36.32298422,-94.75472416
27,3683,Cambarus tartarus,37.69484027,-95.37708333
373,153886,Cambarus tenebrosus,37.55661875,-86.38966208
424,153935,Cambarus thomai,39.36231551,-82.59251781
29,3685,Cambarus truncatus,32.85909363,-82.69998334
338,153853,Cambarus tuckasegee,35.30899906,-83.30625
30,3686,Cambarus unestami,34.93348022,-85.36070031
293,153812,Cambarus veitchorum,34.91170143,-87.05158706
31,3687,Cambarus veteranus,37.88214084,-82.01351264
28,3684,Cambarus williami,36.00674654,-86.23990998
22,3678,Cambarus zophonastes,35.79738472,-92.30744215
180,153665,Cherax bicarinatus,-12.51714597,133.9207955
531,165920,Cherax boesemani,-1.50948232,132.356334
157,153634,Cherax cainii,-31.45838548,117.9342736
158,153634,Cherax cainii,39.19588378,101.55573
165,153642,Cherax cuspidatus,-29.35550474,152.6368742
147,153619,Cherax dispar,-26.71580255,152.7342153
170,153651,Cherax holthuisi,-1.711403232,132.1393864
188,153683,Cherax lorentzi,-4.314347379,137.7630469
533,165922,Cherax monticola,-4.70503436,138.7924524
142,153610,Cherax pallidus,-3.998480218,136.1720347
175,153660,Cherax papuanus,-6.395856584,143.3625
532,165921,Cherax peknyi,-6.551479764,140.9561941
193,153690,Cherax preissii,-33.44991769,116.9190153
51,4621,Cherax quadricarinatus,-25.49327029,137.3464997
52,4621,Cherax quadricarinatus,-25.78000297,123.2088988
53,4621,Cherax quadricarinatus,-21.59349078,140.0360758
218,153731,Cherax quinquecarinatus,-33.48714261,116.608002
150,153624,Cherax rhynchotus,-6.522303226,140.9801524
426,153937,Distocambarus carlsoni,33.7686597,-81.75015755
290,153809,Distocambarus crockeri,33.76469679,-81.74884989
54,6763,Distocambarus devexus,33.55740446,-83.29270833
258,153779,Distocambarus hunteri,33.69034126,-81.61206331
55,6764,Distocambarus youngineri,34.4850291,-81.85148629
56,7735,Engaeus australis,-38.81270359,146.1955427
174,153657,Engaeus cisternarius,-41.69338086,145.4125
185,153677,Engaeus cunicularius,-36.2530318,142.1926958
57,7743,Engaeus curvisuturus,-37.82567552,146.1613741
186,153678,Engaeus cymus,-35.4551989,144.6243203
58,7744,Engaeus disjuncticus,-41.4516942,146.4938799
160,153636,Engaeus fossor,-41.27856186,145.0261007
171,153652,Engaeus fultoni,-38.54569401,143.4248118
215,153726,Engaeus hemicirratulus,-38.13009491,146.4694487
177,153662,Engaeus karnanga,-38.56658226,146.0214371
212,153719,Engaeus laevis,-41.40938655,147.7403914
207,153711,Engaeus lengana,-41.24266823,144.9336514
238,153756,Engaeus leptorhynchus,-41.22214762,147.5729607
195,153693,Engaeus lyelli,-36.99015574,144.2193987
140,153603,Engaeus mairener,-41.12306953,147.3649111
232,153749,Engaeus merosetosus,-36.88249312,143.9851821
59,7746,Engaeus nulloporius,-41.70744129,147.1819685
145,153616,Engaeus orientalis,-37.17375741,148.9424759
169,153649,Engaeus quadrimanus,-37.80995735,147.2063616
146,153618,Engaeus sericatus,-38.07683907,142.6554204
214,153724,Engaeus strictifrons,-38.0530543,142.5441755
225,153741,Engaeus tayatea,-41.11621863,147.4855079
209,153713,Engaeus tuberculatus,-36.47217539,142.4262024
139,153602,Engaeus victoriensis,-37.87427106,145.2152533
60,7749,Engaewa similis,-34.27638826,115.6617005
179,153664,Engaewa subcoerulea,-34.68899971,116.9629239
61,8136,Euastacus armatus,-35.42497866,146.363207
202,153703,Euastacus australasiensis,-33.75851921,150.5285265
155,153632,Euastacus kershawi,-37.54898028,146.5637624
190,153686,Euastacus simplex,-30.17372836,151.7046828
204,153707,Euastacus spinifer,-33.16522071,150.9196779
154,153631,Euastacus yanga,-36.19678734,149.8124839
162,153639,Euastacus yarraensis,-37.93395272,144.1376418
62,8488,Fallicambarus burrisi,31.78108198,-88.35183071
324,153838,Fallicambarus byersi,31.31008672,-87.66820771
278,153798,Fallicambarus caesius,33.58600113,-92.87004552
63,8489,Fallicambarus danielae,31.14546543,-89.61782379
246,153768,Fallicambarus devastator,31.47996708,-95.18749271
289,153808,Fallicambarus dissitus,32.81308633,-92.35530198
230,153747,Fallicambarus fodiens,37.62531195,-87.62150968
64,8490,Fallicambarus gilpini,33.78000246,-92.09317207
65,8491,Fallicambarus gordoni,31.47757953,-89.21057654
66,8492,Fallicambarus harpi,34.23352404,-93.40041688
67,8493,Fallicambarus hortoni,35.54238055,-88.81638591
517,154023,Fallicambarus houstonensis,30.77353918,-95.37169697
385,153898,Fallicambarus jeanae,34.23352404,-93.40041688
381,153894,Fallicambarus kountzeae,31.33906004,-94.74915192
376,153889,Fallicambarus macneesei,30.95523805,-94.22461873
249,153771,Fallicambarus oryktes,31.15294189,-89.59791667
68,8494,Fallicambarus petilicarpus,33.35726228,-92.534477
69,8495,Fallicambarus strawni,34.21109823,-93.92314821
492,154001,Fallicambarus tenuis,34.38592507,-93.99240312
365,153878,Faxonella beyeri,31.80113447,-94.24767118
402,153915,Faxonella blairi,34.07105907,-94.7261652
438,153949,Faxonella clypeata,32.49441767,-90.16952354
480,153990,Faxonella creaseri,32.38951427,-92.18862927
187,153679,Geocharax falcata,-36.78691367,142.4429112
173,153656,Geocharax tasmanicus,-38.42409176,143.44375
226,153742,Gramastacus insolitus,-37.0429903,142.5143756
70,10205,Hobbseus attenuatus,31.61178396,-90.14595049
71,10206,Hobbseus cristatus,32.47566416,-88.2331183
72,10207,Hobbseus orconectoides,33.76598782,-88.50520833
73,10208,Hobbseus petilus,34.06204767,-88.51103818
447,153957,Hobbseus prominens,32.63772629,-87.8401974
74,10209,Hobbseus valleculus,32.87353875,-89.09374356
75,10210,Hobbseus yalobushensis,33.8632257,-89.54517442
213,153722,Ombrastacoides asperrimanus,-42.16296721,145.6352692
156,153633,Ombrastacoides brevirostris,-42.69916092,145.5228978
198,153699,Ombrastacoides decemdentatus,-42.62673884,146.0256954
211,153716,Ombrastacoides denisoni,-43.23236382,146.6587614
223,153739,Ombrastacoides dissitus,-43.47775344,146.8072882
178,153663,Ombrastacoides huonensis,-43.10265597,146.5705497
141,153607,Ombrastacoides ingressus,-42.03482059,145.4554266
224,153740,Ombrastacoides leptomerus,-41.57910569,145.6823371
143,153612,Ombrastacoides parvicaudatus,-42.03482059,145.4554266
192,153688,Ombrastacoides professorum,-42.13861051,145.6342483
149,153622,Ombrastacoides pulcher,-42.5680318,146.2759003
389,153902,Orconectes acares,34.23368026,-93.39076693
442,153953,Orconectes alabamensis,35.00237453,-87.83792547
134,62025,Orconectes australis,34.75103,-85.92858921
509,154017,Orconectes barrenensis,37.10491355,-85.92839242
512,154020,Orconectes barri,36.33475337,-84.90275319
78,15424,Orconectes bisectus,38.09113534,-88.33725432
252,153774,Orconectes burri,36.39137869,-88.11666667
394,153907,Orconectes carolinensis,35.57267252,-77.51218491
513,154021,Orconectes causeyi,34.26059946,-99.88092373
419,153930,Orconectes chickasawae,34.01597494,-88.89106748
501,154009,Orconectes compressus,35.55373808,-86.82604167
92,15439,Orconectes cooperi,34.8259215,-86.37562949
523,154029,Orconectes cristavarius,38.75232496,-84.13157137
93,15440,Orconectes deanae,35.32236312,-96.08082453
307,153826,Orconectes difficilis,35.12354834,-97.03375685
519,154025,Orconectes durelli,36.36104981,-85.7
332,153847,Orconectes erichsonianus,33.01100312,-86.93229167
346,153861,Orconectes etnieri,34.73098231,-88.93242398
490,153999,Orconectes eupunctus,36.41152493,-91.45365458
475,153984,Orconectes forceps,35.99823253,-83.08555849
431,153942,Orconectes harrisonii,38.06022254,-90.96263085
94,15441,Orconectes hartfieldi,34.06664681,-89.69684668
479,153989,Orconectes hathawayi,30.22767882,-92.55448803
333,153848,Orconectes hobbsi,30.31409115,-90.51942877
95,15442,Orconectes holti,32.3194582,-86.43125
341,153856,Orconectes hylas,37.78556188,-90.76500322
325,153840,Orconectes illinoiensis,37.91908218,-88.75180397
412,153925,Orconectes immunis,51.24487929,10.42937521
413,153925,Orconectes immunis,45.49256304,-73.12914534
414,153925,Orconectes immunis,48.99979364,-86.80132294
79,15425,Orconectes incomptus,36.00501283,-85.59573915
417,153928,Orconectes indianensis,38.09131238,-87.93062402
135,62026,Orconectes inermis,38.52295748,-86.20503692
76,15422,Orconectes jeffersoni,38.03816554,-85.96619001
86,15432,Orconectes jonesi,32.07470162,-88.34943247
443,153954,Orconectes juvenilis,47.38938631,4.970655888
444,153954,Orconectes juvenilis,37.62087545,-84.12540738
80,15426,Orconectes kentuckiensis,38.09103606,-88.33125454
460,153970,Orconectes lancifer,32.59998431,-91.3250898
368,153881,Orconectes leptogonopodus,34.21109823,-93.92314821
241,153764,Orconectes limosus,62.20669947,94.09672728
242,153764,Orconectes limosus,51.27292568,-72.12937343
464,153974,Orconectes longidigitus,36.52975103,-92.77280969
433,153944,Orconectes luteus,38.16167086,-94.71770833
371,153884,Orconectes macrus,37.15053479,-95.57109151
87,15433,Orconectes maletae,31.75184708,-93.85682901
88,15434,Orconectes marchandi,36.44201556,-91.45859788
510,154018,Orconectes margorectus,37.49700106,-88.20508899
340,153855,Orconectes medius,38.04197366,-91.10112816
136,62027,Orconectes meeki,35.81256499,-94.03769837
89,15435,Orconectes menae,34.20963935,-94.24793549
428,153939,Orconectes mirus,34.90502502,-86.22331761
81,15427,Orconectes mississippiensis,33.7528077,-88.78333333
505,154013,Orconectes nais,34.03729373,-99.10487432
343,153858,Orconectes nana,36.17401212,-94.73642164
287,153807,Orconectes neglectus,41.71820557,-74.23418181
288,153807,Orconectes neglectus,35.67856087,-92.49929801
260,153781,Orconectes obscurus,42.76027795,-78.81746803
261,153781,Orconectes obscurus,49.42854895,-84.55604783
262,153781,Orconectes obscurus,40.13559452,-78.3637988
478,153988,Orconectes ozarkae,36.51910873,-92.06692473
96,15443,Orconectes packardi,37.13271045,-84.67508443
398,153911,Orconectes pagei,35.94242117,-88.49691734
279,153799,Orconectes palmeri,35.18103313,-91.47347516
471,153981,Orconectes pardalotus,37.25287522,-88.96572896
359,153874,Orconectes pellucidus,36.56885198,-86.82291667
455,153965,Orconectes perfectus,33.00855018,-87.67460073
90,15436,Orconectes peruncus,36.28727197,-90.15861698
318,153834,Orconectes placidus,35.37593225,-87.07604167
380,153893,Orconectes propinquus,47.93954288,-77.72819421
437,153948,Orconectes punctimanus,36.9978302,-91.10328118
392,153905,Orconectes putnami,36.77569886,-86.55647294
91,15437,Orconectes quadruncus,37.10754487,-90.46953755
528,165914,Orconectes quinebaugensis,42.12950102,-72.5639318
367,153880,Orconectes rafinesquei,37.98615715,-87.09589814
382,153895,Orconectes rhoadesi,36.0272923,-87.46265566
334,153849,Orconectes ronaldi,37.11587515,-86.83532966
319,153835,Orconectes rusticus,36.54532232,-88.13011955
320,153835,Orconectes rusticus,41.1474644,-84.96068141
321,153835,Orconectes rusticus,49.76102775,-87.38249551
397,153910,Orconectes sanbornii,38.3835183,-83.39795176
82,15428,Orconectes saxatilis,34.67263501,-94.67360529
452,153962,Orconectes sheltae,34.90502502,-86.22331761
77,15423,Orconectes shoupi,35.89638516,-86.88642343
83,15429,Orconectes sloanii,39.38662475,-85.31458333
350,153865,Orconectes spinosus,34.41307992,-84.89755334
84,15430,Orconectes stannardi,38.09103606,-88.33125454
342,153857,Orconectes stygocaneyi,36.64199905,-92.42576844
534,168254,Orconectes taylori,36.43358104,-88.70187068
310,153829,Orconectes theaphionensis,39.34366075,-86.224688
410,153923,Orconectes tricuspis,37.47028338,-87.93602072
265,153784,Orconectes validus,34.46575394,-86.94697526
370,153883,Orconectes virginiensis,36.68903778,-77.01614032
312,153831,Orconectes virilis,64.27315479,16.43949025
313,153831,Orconectes virilis,43.66683327,-77.73479672
314,153831,Orconectes virilis,50.11288274,-93.67860716
315,153831,Orconectes virilis,37.01629877,-89.06382485
250,153772,Orconectes williamsi,36.27036782,-93.71333117
85,15431,Orconectes wrighti,35.2022774,-88.36276855
200,153701,Pacifastacus connectens,44.29275018,-117.4582117
97,15866,Pacifastacus fortis,41.32501781,-121.6625
220,153735,Pacifastacus gambelii,44.15566021,-113.1273076
221,153735,Pacifastacus gambelii,36.46498091,-119.420057
222,153735,Pacifastacus gambelii,38.44556308,-119.1
167,153648,Pacifastacus leniusculus,35.05340634,33.23147882
168,153648,Pacifastacus leniusculus,55.75997503,-125.050242
98,15867,Pacifastacus nigrescens,37.66323564,-121.3705497
233,153750,Paranephrops planifrons,-38.6261174,175.4906703
144,153614,Paranephrops zealandicus,-44.69683615,169.9070646
184,153675,Parastacus brasiliensis,-30.13924571,-51.47354736
183,153669,Parastacus defossus,-33.74466354,-53.92788107
199,153700,Parastacus laevigatus,-26.35713863,-49.33020833
196,153697,Parastacus nicoleti,-39.51193469,-72.48481567
194,153691,Parastacus pilimanus,-33.95977504,-55.84672063
206,153709,Parastacus pugnax,-39.10885193,-72.95999921
161,153637,Parastacus saffordi,-27.41812749,-50.55017291
164,153641,Parastacus varicosus,-33.31037512,-53.15490909
227,153745,Pontastacus leptodactylus,50.0417321,11.65923931
228,153745,Pontastacus leptodactylus,54.52852972,39.05783665
201,153702,Pontastacus pachypus,46.81695007,35.49232811
506,154014,Procambarus ablusus,35.06087639,-88.52583923
485,153994,Procambarus acanthophorus,16.55627943,-92.39270833
99,18188,Procambarus acherontis,28.71280549,-81.48407407
216,153728,Procambarus achilli,20.48547925,-98.56103161
502,154010,Procambarus acutissimus,32.99577857,-87.04198746
514,154022,Procambarus acutus,37.10581821,-119.6627836
515,154022,Procambarus acutus,40.19816653,-86.33713072
516,154022,Procambarus acutus,39.6890002,-79.66369564
525,154031,Procambarus advena,32.32910199,-81.92400411
309,153828,Procambarus alleni,27.81086635,-81.48668996
466,153976,Procambarus ancylus,33.2095687,-80.8775088
130,18220,Procambarus angustatus,32.6400464,-84.36868815
101,18191,Procambarus apalachicolae,30.38992037,-85.95633664
205,153708,Procambarus atkinsoni,21.67645961,-82.84066747
102,18192,Procambarus attiguus,29.23354353,-82.03950901
498,154007,Procambarus barbatus,32.47273047,-81.46590181
103,18193,Procambarus barbiger,31.97052059,-89.24138963
276,153796,Procambarus bivittatus,30.71529332,-88.45861698
259,153780,Procambarus blandingii,33.87624296,-80.1143102
308,153827,Procambarus bouvieri,19.2959348,-102.2887103
372,153885,Procambarus braswelli,34.35520192,-79.05698348
104,18194,Procambarus brazoriensis,30.13980229,-95.91600721
304,153823,Procambarus caballeroi,20.49950567,-97.56664367
418,153929,Procambarus capillatus,31.47254543,-87.06773734
298,153817,Procambarus caritus,32.19976917,-82.81789191
361,153876,Procambarus catemacoensis,18.39816464,-95.06131188
377,153890,Procambarus cavernicola,18.00238995,-96.66450143
465,153975,Procambarus ceruleus,30.40506735,-96.44560641
268,153787,Procambarus chacalli,20.75474449,-97.92367658
263,153782,Procambarus chacei,33.35148059,-80.190625
272,153792,Procambarus citlaltepetl,18.49014645,-96.12068392
362,153877,Procambarus clarkii,39.56144292,96.8194031
363,153877,Procambarus clarkii,35.03927204,-87.75365749
364,153877,Procambarus clarkii,33.58923357,-100.4602346
399,153912,Procambarus clemmeri,31.3084788,-88.98217062
105,18195,Procambarus cometes,33.77328817,-88.45625471
100,18189,Procambarus connus,33.25104458,-89.90709031
355,153870,Procambarus contrerasi,18.90016184,-97.89379693
235,153752,Procambarus cubensis,22.09770915,-79.54167294
458,153968,Procambarus cuetzalanae,20.01047745,-97.67901174
411,153924,Procambarus cuevachicae,21.54259764,-98.45797707
294,153813,Procambarus curdi,33.09393296,-97.44166667
106,18196,Procambarus delicatus,28.92071826,-81.84663117
256,153777,Procambarus digueti,21.52803083,-101.8539988
387,153900,Procambarus dupratzi,32.10981673,-94.72870212
131,18221,Procambarus echinatus,33.23133155,-80.84912946
107,18197,Procambarus econfinae,30.16500041,-85.49280178
504,154012,Procambarus elegans,33.68703556,-92.73921148
440,153951,Procambarus enoplosternum,32.8572957,-81.41457156
327,153842,Procambarus epicyrtus,32.56408893,-81.80040691
284,153804,Procambarus erichsoni,20.68776276,-97.56951324
108,18198,Procambarus erythrops,30.32329244,-82.62905386
132,18222,Procambarus escambiensis,31.47254543,-87.06773734
521,154027,Procambarus evermanni,30.70560377,-87.62337293
451,153961,Procambarus fallax,29.03779027,-81.81448602
109,18199,Procambarus fitzpatricki,30.74593216,-89.10981911
110,18200,Procambarus franzi,29.07211982,-82.03021366
331,153846,Procambarus geminus,32.78082033,-93.58620638
507,154015,Procambarus geodytes,29.36729883,-81.75684996
117,18207,Procambarus gibbus,32.36182467,-84.0824516
477,153987,Procambarus gonopodcristatus,20.0077624,-97.05399
441,153952,Procambarus gracilis,41.75726739,-92.17027791
482,153992,Procambarus hagenianus,33.13592013,-88.29217251
393,153906,Procambarus hayi,34.1721901,-89.13890051
467,153977,Procambarus hidalgoensis,21.07948171,-98.458776
266,153785,Procambarus hinei,30.85037616,-93.60086747
244,153766,Procambarus hirsutus,33.51808553,-81.80495828
281,153801,Procambarus hoffmani,20.1748027,-97.65450528
111,18201,Procambarus horsti,30.51143631,-84.0372745
448,153958,Procambarus hortonhobbsi,20.51785916,-97.60120093
329,153844,Procambarus howellae,32.53489037,-83.60687742
481,153991,Procambarus hubbelli,31.11891951,-85.93235687
358,153873,Procambarus hybus,33.14267731,-88.05741612
353,153868,Procambarus incilis,30.08940027,-96.79607952
449,153959,Procambarus jaculus,32.37190301,-90.140625
356,153871,Procambarus kensleyi,32.22153672,-94.02082961
470,153980,Procambarus kilbyi,30.68170346,-83.97934333
118,18208,Procambarus lagniappe,32.13920565,-88.12809362
112,18202,Procambarus latipleurum,30.39507378,-85.30128501
423,153934,Procambarus lecontei,30.91654113,-88.33533362
113,18203,Procambarus leitheuseri,28.2706598,-82.23064027
520,154026,Procambarus leonensis,30.65789923,-84.08543133
360,153875,Procambarus lepidodactylus,34.0471375,-80.09294855
404,153917,Procambarus lewisi,32.21673421,-85.86836478
270,153789,Procambarus litosternum,32.44741972,-81.7452547
357,153872,Procambarus llamasi,17.00529175,-93.29765625
434,153945,Procambarus lophotus,33.45436196,-86.12760444
137,62028,Procambarus lucifugus,28.84152456,-82.25932715
317,153833,Procambarus lunzi,32.51168887,-81.70302142
374,153887,Procambarus lylei,33.8632257,-89.54517442
427,153938,Procambarus machardyi,32.48683789,-94.05922059
277,153797,Procambarus mancus,31.56522971,-89.28645833
450,153960,Procambarus marthae,31.9880391,-87.26666667
529,165917,Procambarus maya,19.0598591,-87.88531347
316,153832,Procambarus medialis,35.70008337,-77.58001401
432,153943,Procambarus mexicanus,18.51017548,-96.86871431
114,18204,Procambarus milleri,25.85775312,-80.81824382
275,153795,Procambarus mirandai,16.55658265,-92.25754219
115,18205,Procambarus morrisi,29.44632768,-81.7730494
487,153996,Procambarus natchitochae,31.2801886,-92.38253187
116,18206,Procambarus nechesae,31.3278886,-94.7411296
119,18209,Procambarus nigrocinctus,31.3278886,-94.7411296
151,153626,Procambarus niveus,22.75670125,-83.02324439
120,18210,Procambarus nueces,28.57695054,-82.19379429
491,154000,Procambarus oaxacae,18.37521688,-96.625
330,153845,Procambarus okaloosae,31.20536698,-86.81605783
273,153793,Procambarus olmecorum,18.63530539,-96.60688443
121,18211,Procambarus orcinus,30.46098303,-84.10968401
269,153788,Procambarus ortmannii,20.01415554,-97.67264326
403,153916,Procambarus ouachitae,33.83522226,-90.3068662
326,153841,Procambarus paeninsulanus,30.58322418,-83.27295447
366,153879,Procambarus pallidus,29.47168846,-82.81975515
384,153897,Procambarus paradoxus,20.01047745,-97.67901174
439,153950,Procambarus parasimulans,34.44692417,-93.00566726
453,153963,Procambarus pearsei,34.74412406,-78.9336603
347,153862,Procambarus penni,31.09587164,-90.01325344
530,165918,Procambarus pentastylus,30.80182315,-92.85512036
383,153896,Procambarus petersi,32.64665299,-82.05660431
123,18213,Procambarus pictus,30.01561965,-81.703091
303,153822,Procambarus pilosimanus,16.2531973,-90.69765625
328,153843,Procambarus planirostris,30.76820556,-89.87084039
124,18214,Procambarus plumimanus,35.33950332,-77.67560381
125,18215,Procambarus pogum,33.86886161,-88.80669891
459,153969,Procambarus pubescens,33.29461101,-82.18528442
247,153769,Procambarus pubischelae,29.42348253,-82.17679969
409,153922,Procambarus pycnogonopodus,30.40220297,-85.99609155
344,153859,Procambarus pygmaeus,31.0577331,-82.10889282
305,153824,Procambarus raneyi,33.88057401,-82.71436174
126,18216,Procambarus rathbunae,31.0258823,-86.1009977
425,153936,Procambarus regalis,33.72719086,-94.80357149
508,154016,Procambarus regiomontanus,25.9760921,-99.77532009
127,18217,Procambarus reimeri,34.22863967,-94.69153425
456,153966,Procambarus riojae,19.94950488,-97.76862016
436,153947,Procambarus roberti,22.81938928,-100.9270833
408,153921,Procambarus rodriguezi,18.9674042,-96.46912036
138,62030,Procambarus rogersi,30.46551889,-84.59395424
493,154002,Procambarus ruthveni,17.86352039,-95.49492785
245,153767,Procambarus sbordonii,16.5166484,-93.24864585
430,153941,Procambarus seminolae,30.80344155,-82.33688141
468,153978,Procambarus shermani,31.70744167,-88.4662488
416,153927,Procambarus simulans,34.82458882,-100.2651469
351,153866,Procambarus spiculifer,32.31667317,-83.73835833
128,18218,Procambarus steigmani,33.3113406,-96.39149938
503,154011,Procambarus strenthi,21.90271697,-98.84094316
349,153864,Procambarus suttkusi,31.16653677,-85.78570289
522,154028,Procambarus talpoides,30.59263347,-82.43498464
129,18219,Procambarus texanus,30.40432633,-98.42094392
323,153837,Procambarus teziutlanensis,20.0077624,-97.05399
429,153940,Procambarus tlapacoyanensis,19.9305317,-97.05399
379,153892,Procambarus toltecae,22.36414151,-99.28811517
336,153851,Procambarus troglodytes,33.84955079,-80.15578677
240,153763,Procambarus truculentus,32.46973774,-82.03467656
253,153775,Procambarus tulanei,33.15682719,-92.51695356
300,153819,Procambarus vazquezae,17.99226514,-95.28394953
243,153765,Procambarus veracruzanus,18.87844653,-96.59195031
267,153786,Procambarus verrucosus,31.45657227,-85.91622445
405,153918,Procambarus versutus,31.79187923,-86.30661164
302,153821,Procambarus viaeviridis,33.86471535,-89.69102902
445,153955,Procambarus villalobosi,22.00419027,-99.83099566
386,153899,Procambarus vioscai,32.52143473,-90.7625
496,154005,Procambarus williamsoni,15.07141522,-89.2695809
375,153888,Procambarus xilitlae,21.71061406,-98.86640742
271,153790,Procambarus xochitlanae,20.01047745,-97.67901174
435,153946,Procambarus youngi,30.41795048,-84.02281405
291,153810,Procambarus zapoapensis,18.11671757,-94.73445892
511,154019,Procambarus zihuateutlensis,20.01415554,-97.67264326
483,153993,Procambarus zonangulus,37.50034872,-78.65295471
484,153993,Procambarus zonangulus,31.06215161,-94.38748907
239,153757,Spinastacoides catinipalmus,-42.40156831,145.6405282
176,153661,Spinastacoides inermis,-43.14382179,146.4625741
197,153698,Spinastacoides insignis,-43.10166712,146.0887135
251,153773,Troglocambarus maclanei,28.828523,-82.29968655
153,153629,Virilastacus araucanius,-40.03745947,-73.50574731
182,153668,Virilastacus retamali,-40.75432706,-72.92782738
229,153746,Virilastacus rucapihuelensis,-41.00664477,-73.21520755
