species,decimalLatitude,decimalLongitude,optional,tmean.avg,deleting.out.of.range
Astacoides betsileoensis,-20.99023025,47.17326304,TRUE,17.66133356,
Astacoides caldwelli,-19.12000908,47.57822655,TRUE,18.17800005,
Astacoides crosnieri,-21.61473515,47.3599912,TRUE,18.18733311,
Astacoides granulimanus,-21.47988443,47.17326304,TRUE,18.10299985,
Astacoides hobbsi,-20.62533472,47.55823647,TRUE,20.25766675,
Astacoides madagascarensis,-18.68919873,47.95308845,TRUE,18.50533311,
Astacoides petiti,-24.89630171,46.840625,TRUE,23.82800007,
Astacopsis franklinii,-42.0340768,147.2624419,TRUE,10.98533336,
Astacopsis gouldi,-41.48436528,146.3358178,TRUE,10.70233337,
Astacopsis tricornis,-43.24404971,146.630054,TRUE,8.777999957,
Astacus astacus,31.85578092,-5.553338909,TRUE,7.224666774,yes
Astacus astacus,49.31759035,16.48333333,TRUE,8.590000036,
Austropotamobius pallipes,46.62036716,7.424999999,TRUE,3.676000024,
Austropotamobius pallipes,53.53242507,-7.720862956,TRUE,9.464333336,yes
Austropotamobius torrentium,49.79778316,6.159524386,TRUE,9.168666691,9.3163333 average
Austropotamobius torrentium,44.55123838,17.13541667,TRUE,9.780999852,
Barbicambarus cornutus,37.63811736,-86.02264922,TRUE,13.11766668,
Bouchardina robisoni,33.33443892,-92.68646825,TRUE,17.24000033,
Cambarellus alvarezi,25.56490573,-100.8488134,TRUE,18.50299994,
Cambarellus areolatus,25.51846444,-102.1279341,TRUE,20.63966672,
Cambarellus blacki,30.77211871,-87.49316805,TRUE,18.96933349,
Cambarellus chapalanus,20.12509865,-102.825,TRUE,20.11133353,
Cambarellus chihuahuae,30.59290132,-106.6083333,TRUE,17.15266645,
Cambarellus diminutus,31.55504158,-88.69950386,TRUE,18.05399982,
Cambarellus lesliei,31.69143415,-88.14574613,TRUE,18.19733326,
Cambarellus montezumae,20.53948855,-101.3250805,TRUE,19.01733327,
Cambarellus ninae,28.64602594,-97.56280057,TRUE,21.30633322,
Cambarellus occidentalis,22.99880166,-104.8437034,TRUE,18.99700006,
Cambarellus patzcuarensis,19.59041895,-101.6456446,TRUE,16.70533331,
Cambarellus prolixus,20.1902771,-103.0519051,TRUE,19.79899987,
Cambarellus puer,33.18320705,-92.31678067,TRUE,17.06799976,
Cambarellus schmitti,29.98849548,-83.36458333,TRUE,19.95133352,
Cambarellus shufeldtii,33.27531992,-92.28223304,TRUE,17.12099969,
Cambarellus shufeldtii,32.71556929,-83.40867484,TRUE,17.64199996,yes
Cambarellus texanus,30.0608093,-96.43567408,TRUE,20.0756669,
Cambarellus zempoalensis,18.89929252,-99.20182141,TRUE,22.2736667,
Cambaroides dauricus,47.85112367,123.7823112,TRUE,2.846333504,
Cambaroides japonicus,43.39785307,142.5726396,TRUE,3.58633332,
Cambaroides schrenckii,47.20300874,135.0769458,TRUE,0.733666698,
Cambaroides similis,38.50898392,126.831234,TRUE,8.89533331,
Cambarus acanthura,33.59648753,-85.77995431,TRUE,16.34066681,
Cambarus aculabrum,36.02980338,-94.51471558,TRUE,14.53833326,
Cambarus acuminatus,36.08354321,-79.12054308,TRUE,14.47500012,
Cambarus asperimanus,34.89984148,-83.14063348,TRUE,13.64700003,
Cambarus bartonii,45.7841784,-77.72819421,TRUE,4.045333179,
Cambarus batchi,37.72927185,-84.07054969,TRUE,12.77666663,
Cambarus bouchardi,36.50044958,-84.62346344,TRUE,12.78400022,
Cambarus brachydactylus,36.0891353,-87.42236879,TRUE,13.87066671,
Cambarus brimleyorum,35.16069451,-83.88922739,TRUE,12.71666672,
Cambarus buntingi,36.595194,-83.89563914,TRUE,12.1836665,
Cambarus carinirostris,39.46719485,-79.88339044,TRUE,9.872333395,
Cambarus carolinus,35.73187785,-82.81875,TRUE,10.88566665,
Cambarus catagius,35.49911365,-79.85540006,TRUE,15.03333318,
Cambarus causeyi,35.54048631,-93.51458333,TRUE,15.16499988,
Cambarus chasmodactylus,37.30847203,-80.7666466,TRUE,10.4866667,
Cambarus chaugaensis,35.37121102,-83.22101,TRUE,12.62433344,
Cambarus clivosus,36.00674654,-86.23990998,TRUE,14.21233306,
Cambarus conasaugaensis,34.60919111,-84.19479167,TRUE,12.91166689,
Cambarus coosae,33.38156349,-85.67708333,TRUE,15.71533322,
Cambarus coosawattae,34.64488845,-84.7948393,TRUE,15.06333351,
Cambarus cracens,34.45223673,-86.44763302,TRUE,15.32133333,
Cambarus crinipes,36.96853077,-84.11458333,TRUE,12.96433348,
Cambarus cryptodytes,31.03612927,-85.1028738,TRUE,19.06066648,
Cambarus cumberlandensis,36.87219542,-85.2966714,TRUE,13.83499989,
Cambarus cumberlandensis,35.8242896,-85.63788336,TRUE,14.20466663,yes
Cambarus cymatilis,35.05966513,-84.99696505,TRUE,14.62233303,
Cambarus davidi,35.73651336,-78.88993099,TRUE,15.32699982,
Cambarus deweesae,36.34990443,-83.85263008,TRUE,13.07466694,
Cambarus diogenes,39.93969626,-90.73551016,TRUE,11.14200003,
Cambarus distans,35.7039481,-86.10996178,TRUE,13.89399989,
Cambarus dubius,37.45692912,-82.02464094,TRUE,12.21066652,
Cambarus eeseeohensis,34.92450315,-80.88319677,TRUE,15.65433339,
Cambarus elkensis,38.2908111,-80.82545507,TRUE,10.63733356,
Cambarus englishi,33.4923952,-85.30376393,TRUE,15.77566699,
Cambarus extraneus,35.01731645,-85.03277503,TRUE,14.68133336,
Cambarus fasciatus,34.15220569,-84.61666667,TRUE,15.59799989,
Cambarus friaufi,36.14845003,-87.00605645,TRUE,14.07066659,
Cambarus gentryi,35.92909908,-86.69682888,TRUE,14.22800002,
Cambarus georgiae,36.38715511,-84.50708308,TRUE,12.99900001,
Cambarus girardianus,34.87401095,-87.08360774,TRUE,15.18033324,
Cambarus graysoni,37.45668473,-82.96979167,TRUE,12.23166659,
Cambarus halli,32.98064441,-85.63204409,TRUE,16.64533337,
Cambarus hamulatus,33.77901241,-87.19464984,TRUE,16.17299998,
Cambarus harti,33.02707671,-84.95651499,TRUE,16.58433334,
Cambarus hiwasseensis,35.10584673,-84.3343693,TRUE,13.39799992,
Cambarus hobbsorum,34.5328317,-79.77231047,TRUE,16.64599995,
Cambarus howardi,33.87104337,-84.44184333,TRUE,16.45700002,
Cambarus hubbsi,36.54605031,-92.18160053,TRUE,13.86266686,
Cambarus hubrichti,37.09770644,-91.49972652,TRUE,13.19166658,
Cambarus hystricosus,34.88641661,-78.90667812,TRUE,16.3756669,
Cambarus jezerinaci,36.8367911,-83.77056584,TRUE,12.84866678,
Cambarus johni,35.70302199,-81.93525834,TRUE,13.97500032,
Cambarus jonesi,34.91170143,-87.05158706,TRUE,15.10099993,
Cambarus laconensis,34.59971195,-86.88914561,TRUE,15.61866629,
Cambarus latimanus,33.08571833,-82.97470831,TRUE,17.33533351,
Cambarus lenati,35.17981178,-81.75886426,TRUE,14.99400004,
Cambarus longirostris,35.77016733,-83.68894612,TRUE,13.39766651,
Cambarus longirostris,34.06237486,-82.59886861,TRUE,16.40433307,yes
Cambarus longulus,36.0177971,-78.56825966,TRUE,14.8343332,
Cambarus ludovicianus,34.6774669,-92.69763327,TRUE,15.95566662,
Cambarus maculatus,38.04197366,-91.10112816,TRUE,12.72300015,
Cambarus manningi,34.28925707,-85.16647068,TRUE,15.61900016,
Cambarus miltus,31.30763598,-86.93950451,TRUE,18.23999985,
Cambarus monongalensis,38.91621288,-79.76467278,TRUE,9.076333379,
Cambarus nerterius,38.14092448,-80.2625,TRUE,9.230999846,
Cambarus nodosus,34.47838003,-83.22101,TRUE,15.63499999,
Cambarus obeyensis,36.01579542,-85.15908271,TRUE,12.5976668,
Cambarus obstipus,33.60723319,-87.19939187,TRUE,16.25599976,
Cambarus ortmanni,39.53292995,-84.92406353,TRUE,10.72866663,
Cambarus parrishi,35.11262565,-83.36394453,TRUE,12.45900007,
Cambarus parvoculus,37.25066956,-82.85700294,TRUE,12.23566677,
Cambarus pecki,34.35150239,-87.13361698,TRUE,15.26099992,
Cambarus polychromatus,40.1575308,-86.05575036,TRUE,10.28966668,
Cambarus pristinus,35.49943558,-85.437936,TRUE,12.94166656,
Cambarus pyronotus,30.22044769,-84.94583333,TRUE,19.56233319,
Cambarus reburrus,35.0742107,-82.71683861,TRUE,12.70433331,
Cambarus reduncus,34.38102275,-79.7456504,TRUE,16.73066656,
Cambarus reflexus,33.30281758,-81.25116553,TRUE,17.65866681,
Cambarus rusticiformis,37.19907765,-86.84528561,TRUE,13.6550001,
Cambarus sciotensis,36.58477564,-81.43694458,TRUE,10.2973335,
Cambarus scotti,34.42215856,-85.17876793,TRUE,15.09000007,
Cambarus setosus,36.8499403,-93.96175522,TRUE,13.22766662,
Cambarus speciosus,34.60912361,-84.44184333,TRUE,14.05266664,
Cambarus speleocoopi,34.23790714,-86.6101319,TRUE,15.20899975,
Cambarus sphenoides,35.88666621,-84.23268762,TRUE,14.03399982,
Cambarus spicatus,34.90684711,-81.72290711,TRUE,15.44833346,
Cambarus striatus,33.98467615,-85.71671052,TRUE,15.84199969,
Cambarus strigosus,33.93517392,-82.39342228,TRUE,16.5066667,
Cambarus subterraneus,36.32298422,-94.75472416,TRUE,14.56400013,
Cambarus tartarus,37.69484027,-95.37708333,TRUE,13.63633329,
Cambarus tenebrosus,37.55661875,-86.38966208,TRUE,13.22933324,
Cambarus thomai,39.36231551,-82.59251781,TRUE,10.95066693,
Cambarus truncatus,32.85909363,-82.69998334,TRUE,17.6856668,
Cambarus tuckasegee,35.30899906,-83.30625,TRUE,11.2253334,
Cambarus unestami,34.93348022,-85.36070031,TRUE,14.6686664,
Cambarus veitchorum,34.91170143,-87.05158706,TRUE,15.10099993,
Cambarus veteranus,37.88214084,-82.01351264,TRUE,12.29133326,
Cambarus williami,36.00674654,-86.23990998,TRUE,14.21233306,
Cambarus zophonastes,35.79738472,-92.30744215,TRUE,13.99100021,
Cherax bicarinatus,-12.51714597,133.9207955,TRUE,27.6093332,
Cherax boesemani,-1.50948232,132.356334,TRUE,26.41533343,
Cherax cainii,39.19588378,101.55573,TRUE,7.514333308,yes
Cherax cainii,-31.45838548,117.9342736,TRUE,17.8653334,
Cherax cuspidatus,-29.35550474,152.6368742,TRUE,18.81466667,
Cherax dispar,-26.71580255,152.7342153,TRUE,19.35299969,
Cherax holthuisi,-1.711403232,132.1393864,TRUE,27.05933348,
Cherax lorentzi,-4.314347379,137.7630469,TRUE,19.76200008,
Cherax monticola,-4.70503436,138.7924524,TRUE,26.48133326,
Cherax pallidus,-3.998480218,136.1720347,TRUE,14.74666667,
Cherax papuanus,-6.395856584,143.3625,TRUE,22.14799992,
Cherax peknyi,-6.551479764,140.9561941,TRUE,27.13733355,
Cherax preissii,-33.44991769,116.9190153,TRUE,16.21300014,
Cherax quadricarinatus,-25.78000297,123.2088988,TRUE,22.62500032,yes
Cherax quadricarinatus,-25.49327029,137.3464997,TRUE,22.95233313,yes
Cherax quadricarinatus,-21.59349078,140.0360758,TRUE,24.33066646,
Cherax quinquecarinatus,-33.48714261,116.608002,TRUE,15.39299989,
Cherax rhynchotus,-6.522303226,140.9801524,TRUE,27.19833358,
Distocambarus carlsoni,33.7686597,-81.75015755,TRUE,16.7019997,
Distocambarus crockeri,33.76469679,-81.74884989,TRUE,16.71799982,
Distocambarus devexus,33.55740446,-83.29270833,TRUE,16.88066665,
Distocambarus hunteri,33.69034126,-81.61206331,TRUE,16.99700018,
Distocambarus youngineri,34.4850291,-81.85148629,TRUE,15.9253333,
Engaeus australis,-38.81270359,146.1955427,TRUE,14.11800027,
Engaeus cisternarius,-41.69338086,145.4125,TRUE,11.01633346,
Engaeus cunicularius,-36.2530318,142.1926958,TRUE,15.15933315,
Engaeus curvisuturus,-37.82567552,146.1613741,TRUE,9.626666665,
Engaeus cymus,-35.4551989,144.6243203,TRUE,16.35033321,
Engaeus disjuncticus,-41.4516942,146.4938799,TRUE,11.67566653,
Engaeus fossor,-41.27856186,145.0261007,TRUE,11.23099995,
Engaeus fultoni,-38.54569401,143.4248118,TRUE,13.15433343,
Engaeus hemicirratulus,-38.13009491,146.4694487,TRUE,13.63299998,
Engaeus karnanga,-38.56658226,146.0214371,TRUE,13.91666683,
Engaeus laevis,-41.40938655,147.7403914,TRUE,9.057000081,
Engaeus lengana,-41.24266823,144.9336514,TRUE,11.34533334,
Engaeus leptorhynchus,-41.22214762,147.5729607,TRUE,11.38933357,
Engaeus lyelli,-36.99015574,144.2193987,TRUE,13.32833334,
Engaeus mairener,-41.12306953,147.3649111,TRUE,12.5966665,
Engaeus merosetosus,-36.88249312,143.9851821,TRUE,14.36266653,
Engaeus nulloporius,-41.70744129,147.1819685,TRUE,12.03300011,
Engaeus orientalis,-37.17375741,148.9424759,TRUE,10.13733339,
Engaeus quadrimanus,-37.80995735,147.2063616,TRUE,13.88599984,
Engaeus sericatus,-38.07683907,142.6554204,TRUE,13.42533326,
Engaeus strictifrons,-38.0530543,142.5441755,TRUE,13.41733336,
Engaeus tayatea,-41.11621863,147.4855079,TRUE,12.47966659,
Engaeus tuberculatus,-36.47217539,142.4262024,TRUE,14.81166649,
Engaeus victoriensis,-37.87427106,145.2152533,TRUE,14.69466678,
Engaewa similis,-34.27638826,115.6617005,TRUE,15.96500023,
Engaewa subcoerulea,-34.68899971,116.9629239,TRUE,14.79566662,
Euastacus armatus,-35.42497866,146.363207,TRUE,16.18566696,
Euastacus australasiensis,-33.75851921,150.5285265,TRUE,14.85633302,
Euastacus kershawi,-37.54898028,146.5637624,TRUE,12.23100015,
Euastacus simplex,-30.17372836,151.7046828,TRUE,11.93266658,
Euastacus spinifer,-33.16522071,150.9196779,TRUE,16.39900001,
Euastacus yanga,-36.19678734,149.8124839,TRUE,14.57133309,
Euastacus yarraensis,-37.93395272,144.1376418,TRUE,13.99699998,
Fallicambarus burrisi,31.78108198,-88.35183071,TRUE,17.90766696,
Fallicambarus byersi,31.31008672,-87.66820771,TRUE,18.56966686,
Fallicambarus caesius,33.58600113,-92.87004552,TRUE,17.09266678,
Fallicambarus danielae,31.14546543,-89.61782379,TRUE,18.62933318,
Fallicambarus devastator,31.47996708,-95.18749271,TRUE,18.57199979,
Fallicambarus dissitus,32.81308633,-92.35530198,TRUE,17.43499998,
Fallicambarus fodiens,37.62531195,-87.62150968,TRUE,13.60100018,
Fallicambarus gilpini,33.78000246,-92.09317207,TRUE,16.76200008,
Fallicambarus gordoni,31.47757953,-89.21057654,TRUE,18.20066675,
Fallicambarus harpi,34.23352404,-93.40041688,TRUE,15.88400018,
Fallicambarus hortoni,35.54238055,-88.81638591,TRUE,15.26133329,
Fallicambarus houstonensis,30.77353918,-95.37169697,TRUE,19.25700013,
Fallicambarus jeanae,34.23352404,-93.40041688,TRUE,15.88400018,
Fallicambarus kountzeae,31.33906004,-94.74915192,TRUE,19.22633314,
Fallicambarus macneesei,30.95523805,-94.22461873,TRUE,18.8586665,
Fallicambarus oryktes,31.15294189,-89.59791667,TRUE,18.62933318,
Fallicambarus petilicarpus,33.35726228,-92.534477,TRUE,17.17599992,
Fallicambarus strawni,34.21109823,-93.92314821,TRUE,15.54833333,
Fallicambarus tenuis,34.38592507,-93.99240312,TRUE,14.78000007,
Faxonella beyeri,31.80113447,-94.24767118,TRUE,18.00099981,
Faxonella blairi,34.07105907,-94.7261652,TRUE,16.30866659,
Faxonella clypeata,32.49441767,-90.16952354,TRUE,17.51900009,
Faxonella creaseri,32.38951427,-92.18862927,TRUE,17.91333342,
Geocharax falcata,-36.78691367,142.4429112,TRUE,14.5193332,
Geocharax tasmanicus,-38.42409176,143.44375,TRUE,13.10299993,
Gramastacus insolitus,-37.0429903,142.5143756,TRUE,12.96099993,
Hobbseus attenuatus,31.61178396,-90.14595049,TRUE,18.27633333,
Hobbseus cristatus,32.47566416,-88.2331183,TRUE,17.40566671,
Hobbseus orconectoides,33.76598782,-88.50520833,TRUE,16.63099988,
Hobbseus petilus,34.06204767,-88.51103818,TRUE,16.32166684,
Hobbseus prominens,32.63772629,-87.8401974,TRUE,17.48400017,
Hobbseus valleculus,32.87353875,-89.09374356,TRUE,16.94300016,
Hobbseus yalobushensis,33.8632257,-89.54517442,TRUE,16.34066673,
Ombrastacoides asperrimanus,-42.16296721,145.6352692,TRUE,10.3386666,
Ombrastacoides brevirostris,-42.69916092,145.5228978,TRUE,10.79933333,
Ombrastacoides decemdentatus,-42.62673884,146.0256954,TRUE,9.600666682,
Ombrastacoides denisoni,-43.23236382,146.6587614,TRUE,8.777999957,
Ombrastacoides dissitus,-43.47775344,146.8072882,TRUE,9.29733336,
Ombrastacoides huonensis,-43.10265597,146.5705497,TRUE,9.866333405,
Ombrastacoides ingressus,-42.03482059,145.4554266,TRUE,10.88933341,
Ombrastacoides leptomerus,-41.57910569,145.6823371,TRUE,8.363666614,
Ombrastacoides parvicaudatus,-42.03482059,145.4554266,TRUE,10.88933341,
Ombrastacoides professorum,-42.13861051,145.6342483,TRUE,10.3386666,
Ombrastacoides pulcher,-42.5680318,146.2759003,TRUE,7.008333306,
Orconectes acares,34.23368026,-93.39076693,TRUE,15.88400018,
Orconectes alabamensis,35.00237453,-87.83792547,TRUE,14.6843334,
Orconectes australis,34.75103,-85.92858921,TRUE,15.29033351,
Orconectes barrenensis,37.10491355,-85.92839242,TRUE,13.65800007,
Orconectes barri,36.33475337,-84.90275319,TRUE,12.74766669,
Orconectes bisectus,38.09113534,-88.33725432,TRUE,13.09733324,
Orconectes burri,36.39137869,-88.11666667,TRUE,14.45999999,
Orconectes carolinensis,35.57267252,-77.51218491,TRUE,15.93699992,
Orconectes causeyi,34.26059946,-99.88092373,TRUE,16.70699986,
Orconectes chickasawae,34.01597494,-88.89106748,TRUE,16.25366668,
Orconectes compressus,35.55373808,-86.82604167,TRUE,14.40933323,
Orconectes cooperi,34.8259215,-86.37562949,TRUE,15.1063333,
Orconectes cristavarius,38.75232496,-84.13157137,TRUE,11.95133333,
Orconectes deanae,35.32236312,-96.08082453,TRUE,15.85866678,
Orconectes difficilis,35.12354834,-97.03375685,TRUE,15.88766662,
Orconectes durelli,36.36104981,-85.7,TRUE,14.15766658,
Orconectes erichsonianus,33.01100312,-86.93229167,TRUE,16.77400021,
Orconectes etnieri,34.73098231,-88.93242398,TRUE,15.61833328,
Orconectes eupunctus,36.41152493,-91.45365458,TRUE,14.14400012,
Orconectes forceps,35.99823253,-83.08555849,TRUE,13.69900008,
Orconectes harrisonii,38.06022254,-90.96263085,TRUE,12.62666652,
Orconectes hartfieldi,34.06664681,-89.69684668,TRUE,16.14966659,
Orconectes hathawayi,30.22767882,-92.55448803,TRUE,19.69933327,
Orconectes hobbsi,30.31409115,-90.51942877,TRUE,19.70800002,
Orconectes holti,32.3194582,-86.43125,TRUE,18.30666685,
Orconectes hylas,37.78556188,-90.76500322,TRUE,12.62300014,
Orconectes illinoiensis,37.91908218,-88.75180397,TRUE,13.14999995,
Orconectes immunis,48.99979364,-86.80132294,TRUE,1.18066671,
Orconectes immunis,45.49256304,-73.12914534,TRUE,5.966333191,yes
Orconectes immunis,51.24487929,10.42937521,TRUE,8.504666708,yes
Orconectes incomptus,36.00501283,-85.59573915,TRUE,13.93066674,
Orconectes indianensis,38.09131238,-87.93062402,TRUE,13.25233343,
Orconectes inermis,38.52295748,-86.20503692,TRUE,12.17033333,
Orconectes jeffersoni,38.03816554,-85.96619001,TRUE,13.0356667,
Orconectes jonesi,32.07470162,-88.34943247,TRUE,17.47833339,
Orconectes juvenilis,47.38938631,4.970655888,TRUE,9.526333243,yes
Orconectes juvenilis,37.62087545,-84.12540738,TRUE,12.79266647,
Orconectes kentuckiensis,38.09103606,-88.33125454,TRUE,13.09966671,
Orconectes lancifer,32.59998431,-91.3250898,TRUE,18.21466649,
Orconectes leptogonopodus,34.21109823,-93.92314821,TRUE,15.54833333,
Orconectes limosus,62.20669947,94.09672728,TRUE,-7.21966661,yes
Orconectes limosus,51.27292568,-72.12937343,TRUE,-1.565666626,
Orconectes longidigitus,36.52975103,-92.77280969,TRUE,14.38933343,
Orconectes luteus,38.16167086,-94.71770833,TRUE,13.18133309,
Orconectes macrus,37.15053479,-95.57109151,TRUE,14.26733336,
Orconectes maletae,31.75184708,-93.85682901,TRUE,18.35566672,
Orconectes marchandi,36.44201556,-91.45859788,TRUE,14.1693332,
Orconectes margorectus,37.49700106,-88.20508899,TRUE,13.79933331,
Orconectes medius,38.04197366,-91.10112816,TRUE,12.72300015,
Orconectes meeki,35.81256499,-94.03769837,TRUE,13.44300013,
Orconectes menae,34.20963935,-94.24793549,TRUE,16.03199971,
Orconectes mirus,34.90502502,-86.22331761,TRUE,14.46033329,
Orconectes mississippiensis,33.7528077,-88.78333333,TRUE,16.5606664,
Orconectes nais,34.03729373,-99.10487432,TRUE,17.28766664,
Orconectes nana,36.17401212,-94.73642164,TRUE,14.59799986,
Orconectes neglectus,41.71820557,-74.23418181,TRUE,8.301333338,yes
Orconectes neglectus,35.67856087,-92.49929801,TRUE,14.24966642,
Orconectes obscurus,49.42854895,-84.55604783,TRUE,0.435666824,yes
Orconectes obscurus,42.76027795,-78.81746803,TRUE,8.555333237,
Orconectes obscurus,40.13559452,-78.3637988,TRUE,9.92299998,yes
Orconectes ozarkae,36.51910873,-92.06692473,TRUE,13.87733353,
Orconectes packardi,37.13271045,-84.67508443,TRUE,13.04199995,
Orconectes pagei,35.94242117,-88.49691734,TRUE,14.52366668,
Orconectes palmeri,35.18103313,-91.47347516,TRUE,16.05333332,
Orconectes pardalotus,37.25287522,-88.96572896,TRUE,13.90933324,
Orconectes pellucidus,36.56885198,-86.82291667,TRUE,13.88100006,
Orconectes perfectus,33.00855018,-87.67460073,TRUE,17.15333339,
Orconectes peruncus,36.28727197,-90.15861698,TRUE,14.8843332,
Orconectes placidus,35.37593225,-87.07604167,TRUE,14.3180001,
Orconectes propinquus,47.93954288,-77.72819421,TRUE,1.551333502,
Orconectes punctimanus,36.9978302,-91.10328118,TRUE,13.53466666,
Orconectes putnami,36.77569886,-86.55647294,TRUE,13.88533357,
Orconectes quadruncus,37.10754487,-90.46953755,TRUE,13.51066655,
Orconectes quinebaugensis,42.12950102,-72.5639318,TRUE,9.815333476,
Orconectes rafinesquei,37.98615715,-87.09589814,TRUE,13.21833352,
Orconectes rhoadesi,36.0272923,-87.46265566,TRUE,13.97133336,
Orconectes ronaldi,37.11587515,-86.83532966,TRUE,13.6139999,
Orconectes rusticus,49.76102775,-87.38249551,TRUE,0.065999947,yes
Orconectes rusticus,41.1474644,-84.96068141,TRUE,9.738333325,
Orconectes rusticus,36.54532232,-88.13011955,TRUE,14.34466672,yes
Orconectes sanbornii,38.3835183,-83.39795176,TRUE,11.5916665,
Orconectes saxatilis,34.67263501,-94.67360529,TRUE,15.07066649,
Orconectes sheltae,34.90502502,-86.22331761,TRUE,14.46033329,
Orconectes shoupi,35.89638516,-86.88642343,TRUE,14.20666661,
Orconectes sloanii,39.38662475,-85.31458333,TRUE,10.91533354,
Orconectes spinosus,34.41307992,-84.89755334,TRUE,15.21466649,
Orconectes stannardi,38.09103606,-88.33125454,TRUE,13.09966671,
Orconectes stygocaneyi,36.64199905,-92.42576844,TRUE,13.74499996,
Orconectes taylori,36.43358104,-88.70187068,TRUE,14.39066688,
Orconectes theaphionensis,39.34366075,-86.224688,TRUE,11.18433328,
Orconectes tricuspis,37.47028338,-87.93602072,TRUE,13.82199994,
Orconectes validus,34.46575394,-86.94697526,TRUE,15.48566675,
Orconectes virginiensis,36.68903778,-77.01614032,TRUE,14.98933347,
Orconectes virilis,64.27315479,16.43949025,TRUE,0.798666693,yes
Orconectes virilis,50.11288274,-93.67860716,TRUE,1.883333306,
Orconectes virilis,43.66683327,-77.73479672,TRUE,8.867333353,yes
Orconectes virilis,37.01629877,-89.06382485,TRUE,14.0843333,yes
Orconectes williamsi,36.27036782,-93.71333117,TRUE,13.73366679,
Orconectes wrighti,35.2022774,-88.36276855,TRUE,15.36566671,
Pacifastacus connectens,44.29275018,-117.4582117,TRUE,7.666999986,
Pacifastacus fortis,41.32501781,-121.6625,TRUE,8.45433339,
Pacifastacus gambelii,44.15566021,-113.1273076,TRUE,0.362333308,
Pacifastacus gambelii,38.44556308,-119.1,TRUE,8.990666717,yes
Pacifastacus gambelii,36.46498091,-119.420057,TRUE,17.13933349,yes
Pacifastacus leniusculus,55.75997503,-125.050242,TRUE,0.770666768,
Pacifastacus leniusculus,35.05340634,33.23147882,TRUE,18.50200033,yes
Pacifastacus nigrescens,37.66323564,-121.3705497,TRUE,16.70866644,
Paranephrops planifrons,-38.6261174,175.4906703,TRUE,10.82666679,
Paranephrops zealandicus,-44.69683615,169.9070646,TRUE,6.487666757,
Parastacus brasiliensis,-30.13924571,-51.47354736,TRUE,19.4156669,
Parastacus defossus,-33.74466354,-53.92788107,TRUE,16.70699986,
Parastacus laevigatus,-26.35713863,-49.33020833,TRUE,18.32400004,
Parastacus nicoleti,-39.51193469,-72.48481567,TRUE,11.04933318,
Parastacus pilimanus,-33.95977504,-55.84672063,TRUE,16.53733333,
Parastacus pugnax,-39.10885193,-72.95999921,TRUE,11.64366678,
Parastacus saffordi,-27.41812749,-50.55017291,TRUE,15.61333354,
Parastacus varicosus,-33.31037512,-53.15490909,TRUE,17.1286668,
Pontastacus leptodactylus,54.52852972,39.05783665,TRUE,4.790666521,
Pontastacus leptodactylus,50.0417321,11.65923931,TRUE,7.387666602,yes
Pontastacus pachypus,46.81695007,35.49232811,TRUE,9.432999988,
Procambarus ablusus,35.06087639,-88.52583923,TRUE,15.37633334,
Procambarus acanthophorus,16.55627943,-92.39270833,TRUE,14.76299985,
Procambarus acherontis,28.71280549,-81.48407407,TRUE,21.50033331,
Procambarus achilli,20.48547925,-98.56103161,TRUE,17.87733332,
Procambarus acutissimus,32.99577857,-87.04198746,TRUE,16.87400003,
Procambarus acutus,39.6890002,-79.66369564,TRUE,9.560999871,yes
Procambarus acutus,40.19816653,-86.33713072,TRUE,10.16133342,
Procambarus acutus,37.10581821,-119.6627836,TRUE,16.73466659,yes
Procambarus advena,32.32910199,-81.92400411,TRUE,18.71099989,
Procambarus alleni,27.81086635,-81.48668996,TRUE,22.41633336,
Procambarus ancylus,33.2095687,-80.8775088,TRUE,17.71466664,
Procambarus angustatus,32.6400464,-84.36868815,TRUE,17.27833319,
Procambarus apalachicolae,30.38992037,-85.95633664,TRUE,19.32433311,
Procambarus atkinsoni,21.67645961,-82.84066747,TRUE,25.37466685,
Procambarus attiguus,29.23354353,-82.03950901,TRUE,20.73399965,
Procambarus barbatus,32.47273047,-81.46590181,TRUE,18.42633327,
Procambarus barbiger,31.97052059,-89.24138963,TRUE,17.68033326,
Procambarus bivittatus,30.71529332,-88.45861698,TRUE,19.08466681,
Procambarus blandingii,33.87624296,-80.1143102,TRUE,17.11199991,
Procambarus bouvieri,19.2959348,-102.2887103,TRUE,17.53766632,
Procambarus braswelli,34.35520192,-79.05698348,TRUE,16.78766656,
Procambarus brazoriensis,30.13980229,-95.91600721,TRUE,19.69300008,
Procambarus caballeroi,20.49950567,-97.56664367,TRUE,23.66933314,
Procambarus capillatus,31.47254543,-87.06773734,TRUE,18.01800021,
Procambarus caritus,32.19976917,-82.81789191,TRUE,18.42899998,
Procambarus catemacoensis,18.39816464,-95.06131188,TRUE,24.65766652,
Procambarus cavernicola,18.00238995,-96.66450143,TRUE,23.64700015,
Procambarus ceruleus,30.40506735,-96.44560641,TRUE,19.69999981,
Procambarus chacalli,20.75474449,-97.92367658,TRUE,22.90099986,
Procambarus chacei,33.35148059,-80.190625,TRUE,17.65633325,
Procambarus citlaltepetl,18.49014645,-96.12068392,TRUE,25.67699989,
Procambarus clarkii,39.56144292,96.8194031,TRUE,0.165000016,yes
Procambarus clarkii,35.03927204,-87.75365749,TRUE,14.73299988,yes
Procambarus clarkii,33.58923357,-100.4602346,TRUE,16.62833305,
Procambarus clemmeri,31.3084788,-88.98217062,TRUE,18.27433316,
Procambarus cometes,33.77328817,-88.45625471,TRUE,16.54533311,
Procambarus connus,33.25104458,-89.90709031,TRUE,16.63866695,
Procambarus contrerasi,18.90016184,-97.89379693,TRUE,16.65866677,
Procambarus cubensis,22.09770915,-79.54167294,TRUE,24.87533331,
Procambarus cuetzalanae,20.01047745,-97.67901174,TRUE,19.54033335,
Procambarus cuevachicae,21.54259764,-98.45797707,TRUE,24.73500013,
Procambarus curdi,33.09393296,-97.44166667,TRUE,17.8513331,
Procambarus delicatus,28.92071826,-81.84663117,TRUE,21.3890001,
Procambarus digueti,21.52803083,-101.8539988,TRUE,17.44333339,
Procambarus dupratzi,32.10981673,-94.72870212,TRUE,17.99233337,
Procambarus echinatus,33.23133155,-80.84912946,TRUE,17.73700011,
Procambarus econfinae,30.16500041,-85.49280178,TRUE,19.66400011,
Procambarus elegans,33.68703556,-92.73921148,TRUE,16.83699989,
Procambarus enoplosternum,32.8572957,-81.41457156,TRUE,18.10833311,
Procambarus epicyrtus,32.56408893,-81.80040691,TRUE,18.43499986,
Procambarus erichsoni,20.68776276,-97.56951324,TRUE,23.86733309,
Procambarus erythrops,30.32329244,-82.62905386,TRUE,19.89466667,
Procambarus escambiensis,31.47254543,-87.06773734,TRUE,18.01800021,
Procambarus evermanni,30.70560377,-87.62337293,TRUE,19.11566687,
Procambarus fallax,29.03779027,-81.81448602,TRUE,21.06633329,
Procambarus fitzpatricki,30.74593216,-89.10981911,TRUE,18.96566685,
Procambarus franzi,29.07211982,-82.03021366,TRUE,21.26033346,
Procambarus geminus,32.78082033,-93.58620638,TRUE,17.36400004,
Procambarus geodytes,29.36729883,-81.75684996,TRUE,20.89866678,
Procambarus gibbus,32.36182467,-84.0824516,TRUE,18.03666675,
Procambarus gonopodcristatus,20.0077624,-97.05399,TRUE,23.85866674,
Procambarus gracilis,41.75726739,-92.17027791,TRUE,9.296333452,
Procambarus hagenianus,33.13592013,-88.29217251,TRUE,17.11833334,
Procambarus hayi,34.1721901,-89.13890051,TRUE,16.00433322,
Procambarus hidalgoensis,21.07948171,-98.458776,TRUE,22.83933322,
Procambarus hinei,30.85037616,-93.60086747,TRUE,18.79800018,
Procambarus hirsutus,33.51808553,-81.80495828,TRUE,17.22433329,
Procambarus hoffmani,20.1748027,-97.65450528,TRUE,22.20966673,
Procambarus horsti,30.51143631,-84.0372745,TRUE,19.33966637,
Procambarus hortonhobbsi,20.51785916,-97.60120093,TRUE,23.11799971,
Procambarus howellae,32.53489037,-83.60687742,TRUE,18.04999991,
Procambarus hubbelli,31.11891951,-85.93235687,TRUE,18.76533326,
Procambarus hybus,33.14267731,-88.05741612,TRUE,16.80499979,
Procambarus incilis,30.08940027,-96.79607952,TRUE,19.92700013,
Procambarus jaculus,32.37190301,-90.140625,TRUE,18.07466658,
Procambarus kensleyi,32.22153672,-94.02082961,TRUE,17.72833355,
Procambarus kilbyi,30.68170346,-83.97934333,TRUE,19.25266639,
Procambarus lagniappe,32.13920565,-88.12809362,TRUE,17.70100001,
Procambarus latipleurum,30.39507378,-85.30128501,TRUE,19.30333344,
Procambarus lecontei,30.91654113,-88.33533362,TRUE,18.75466641,
Procambarus leitheuseri,28.2706598,-82.23064027,TRUE,22.00733344,
Procambarus leonensis,30.65789923,-84.08543133,TRUE,19.31599998,
Procambarus lepidodactylus,34.0471375,-80.09294855,TRUE,17.03333314,
Procambarus lewisi,32.21673421,-85.86836478,TRUE,18.11566671,
Procambarus litosternum,32.44741972,-81.7452547,TRUE,18.74266656,
Procambarus llamasi,17.00529175,-93.29765625,TRUE,23.88166666,
Procambarus lophotus,33.45436196,-86.12760444,TRUE,16.3616668,
Procambarus lucifugus,28.84152456,-82.25932715,TRUE,21.35733302,
Procambarus lunzi,32.51168887,-81.70302142,TRUE,18.55633322,
Procambarus lylei,33.8632257,-89.54517442,TRUE,16.34066673,
Procambarus machardyi,32.48683789,-94.05922059,TRUE,17.76533337,
Procambarus mancus,31.56522971,-89.28645833,TRUE,18.13466684,
Procambarus marthae,31.9880391,-87.26666667,TRUE,17.96200009,
Procambarus maya,19.0598591,-87.88531347,TRUE,26.26366711,
Procambarus medialis,35.70008337,-77.58001401,TRUE,15.72566672,
Procambarus mexicanus,18.51017548,-96.86871431,TRUE,22.82966677,
Procambarus milleri,25.85775312,-80.81824382,TRUE,23.89000003,
Procambarus mirandai,16.55658265,-92.25754219,TRUE,14.34600004,
Procambarus morrisi,29.44632768,-81.7730494,TRUE,20.72433321,
Procambarus natchitochae,31.2801886,-92.38253187,TRUE,19.14766669,
Procambarus nechesae,31.3278886,-94.7411296,TRUE,19.0893333,
Procambarus nigrocinctus,31.3278886,-94.7411296,TRUE,19.0893333,
Procambarus niveus,22.75670125,-83.02324439,TRUE,24.07000017,
Procambarus nueces,28.57695054,-82.19379429,TRUE,21.56166665,
Procambarus oaxacae,18.37521688,-96.625,TRUE,25.625,
Procambarus okaloosae,31.20536698,-86.81605783,TRUE,18.40933315,
Procambarus olmecorum,18.63530539,-96.60688443,TRUE,25.08766667,
Procambarus orcinus,30.46098303,-84.10968401,TRUE,19.44666672,
Procambarus ortmannii,20.01415554,-97.67264326,TRUE,19.54033335,
Procambarus ouachitae,33.83522226,-90.3068662,TRUE,17.03866665,
Procambarus paeninsulanus,30.58322418,-83.27295447,TRUE,19.73099979,
Procambarus pallidus,29.47168846,-82.81975515,TRUE,20.67133315,
Procambarus paradoxus,20.01047745,-97.67901174,TRUE,19.54033335,
Procambarus parasimulans,34.44692417,-93.00566726,TRUE,16.3816667,
Procambarus pearsei,34.74412406,-78.9336603,TRUE,16.42599984,
Procambarus penni,31.09587164,-90.01325344,TRUE,18.57933323,
Procambarus pentastylus,30.80182315,-92.85512036,TRUE,19.02933335,
Procambarus petersi,32.64665299,-82.05660431,TRUE,18.16500012,
Procambarus pictus,30.01561965,-81.703091,TRUE,20.66700029,
Procambarus pilosimanus,16.2531973,-90.69765625,TRUE,25.99566666,
Procambarus planirostris,30.76820556,-89.87084039,TRUE,19.22933332,
Procambarus plumimanus,35.33950332,-77.67560381,TRUE,16.10666676,
Procambarus pogum,33.86886161,-88.80669891,TRUE,16.55899986,
Procambarus pubescens,33.29461101,-82.18528442,TRUE,17.17099992,
Procambarus pubischelae,29.42348253,-82.17679969,TRUE,20.74399996,
Procambarus pycnogonopodus,30.40220297,-85.99609155,TRUE,19.36533332,
Procambarus pygmaeus,31.0577331,-82.10889282,TRUE,19.48533336,
Procambarus raneyi,33.88057401,-82.71436174,TRUE,16.40900008,
Procambarus rathbunae,31.0258823,-86.1009977,TRUE,18.65733361,
Procambarus regalis,33.72719086,-94.80357149,TRUE,16.87966692,
Procambarus regiomontanus,25.9760921,-99.77532009,TRUE,21.29966656,
Procambarus reimeri,34.22863967,-94.69153425,TRUE,16.17866671,
Procambarus riojae,19.94950488,-97.76862016,TRUE,17.29166651,
Procambarus roberti,22.81938928,-100.9270833,TRUE,17.67066677,
Procambarus rodriguezi,18.9674042,-96.46912036,TRUE,25.14233335,
Procambarus rogersi,30.46551889,-84.59395424,TRUE,19.36133353,
Procambarus ruthveni,17.86352039,-95.49492785,TRUE,25.47233311,
Procambarus sbordonii,16.5166484,-93.24864585,TRUE,22.97766701,
Procambarus seminolae,30.80344155,-82.33688141,TRUE,19.59099992,
Procambarus shermani,31.70744167,-88.4662488,TRUE,17.88600008,
Procambarus simulans,34.82458882,-100.2651469,TRUE,15.98300012,
Procambarus spiculifer,32.31667317,-83.73835833,TRUE,18.10966667,
Procambarus steigmani,33.3113406,-96.39149938,TRUE,17.56866662,
Procambarus strenthi,21.90271697,-98.84094316,TRUE,25.2986668,
Procambarus suttkusi,31.16653677,-85.78570289,TRUE,18.74366665,
Procambarus talpoides,30.59263347,-82.43498464,TRUE,19.66199994,
Procambarus texanus,30.40432633,-98.42094392,TRUE,18.65966662,
Procambarus teziutlanensis,20.0077624,-97.05399,TRUE,23.85866674,
Procambarus tlapacoyanensis,19.9305317,-97.05399,TRUE,22.90899992,
Procambarus toltecae,22.36414151,-99.28811517,TRUE,24.42966715,
Procambarus troglodytes,33.84955079,-80.15578677,TRUE,17.21833328,
Procambarus truculentus,32.46973774,-82.03467656,TRUE,18.38433337,
Procambarus tulanei,33.15682719,-92.51695356,TRUE,17.11733317,
Procambarus vazquezae,17.99226514,-95.28394953,TRUE,25.90500037,
Procambarus veracruzanus,18.87844653,-96.59195031,TRUE,24.78866688,
Procambarus verrucosus,31.45657227,-85.91622445,TRUE,18.22299965,
Procambarus versutus,31.79187923,-86.30661164,TRUE,17.97166673,
Procambarus viaeviridis,33.86471535,-89.69102902,TRUE,16.60199996,
Procambarus villalobosi,22.00419027,-99.83099566,TRUE,21.86866697,
Procambarus vioscai,32.52143473,-90.7625,TRUE,17.86199991,
Procambarus williamsoni,15.07141522,-89.2695809,TRUE,24.25699997,
Procambarus xilitlae,21.71061406,-98.86640742,TRUE,25.07733329,
Procambarus xochitlanae,20.01047745,-97.67901174,TRUE,19.54033335,
Procambarus youngi,30.41795048,-84.02281405,TRUE,19.35900013,
Procambarus zapoapensis,18.11671757,-94.73445892,TRUE,25.95266676,
Procambarus zihuateutlensis,20.01415554,-97.67264326,TRUE,19.54033335,
Procambarus zonangulus,37.50034872,-78.65295471,TRUE,13.49366677,yes
Procambarus zonangulus,31.06215161,-94.38748907,TRUE,18.78066659,
Spinastacoides catinipalmus,-42.40156831,145.6405282,TRUE,10.45100005,
Spinastacoides inermis,-43.14382179,146.4625741,TRUE,9.964999954,
Spinastacoides insignis,-43.10166712,146.0887135,TRUE,10.22799989,
Troglocambarus maclanei,28.828523,-82.29968655,TRUE,21.41066662,
Virilastacus araucanius,-40.03745947,-73.50574731,TRUE,9.404000123,
Virilastacus retamali,-40.75432706,-72.92782738,TRUE,11.15066659,
Virilastacus rucapihuelensis,-41.00664477,-73.21520755,TRUE,10.66166667,
